<Client>
	<DeviceId>
		<DisplayName>D-Link DSM320</DisplayName>
		<DeviceDescriptionRecognition>
			<DescriptionText>DSM-320</DescriptionText>
		</DeviceDescriptionRecognition>
		<HttpRecognition>
			<HttpText>dma/1.0 redsonic</HttpText>
		</HttpRecognition>
		<MappingUpdatePolicy>FIX</MappingUpdatePolicy>
	</DeviceId>
	<Capabilities>
		<AudioTranscoding>
			<Target>MP3</Target>
			<Target>WAV</Target>
		</AudioTranscoding>
		<VideoTranscoding>
			<Target>WMV</Target>
		</VideoTranscoding>
	</Capabilities>
	<Adaptations>
		<DLNA>
			<PretendServer>REDSONIC</PretendServer>
			<Version>DLNANO</Version>
			<DescriptionFile>devicedescription-redsonic.xml</DescriptionFile>
		</DLNA>
		<HTTP>
			<HttpSetting>1.0RESPONSE</HttpSetting>
		</HTTP>
		<MimeTranslations>
			<MimeTypeMapping>
				<In>audio/x-aiff</In>
				<Out>audio/aiff</Out>
			</MimeTypeMapping>
			<MimeTypeMapping>
				<In>video/x-msvideo</In>
				<Out>video/avi</Out>
			</MimeTypeMapping>
			<MimeTypeMapping>
				<In>audio/x-flac</In>
				<Out>audio/flac</Out>
			</MimeTypeMapping>
			<MimeTypeMapping>
				<In>audio/L16</In>
				<Out>audio/lpcm</Out>
			</MimeTypeMapping>
			<MimeTypeMapping>
				<In>video/mp4</In>
				<Out>video/MP4V-ES</Out>
			</MimeTypeMapping>
			<MimeTypeMapping>
				<In>audio/mp1</In>
				<Out>audio/mpeg</Out>
			</MimeTypeMapping>
			<MimeTypeMapping>
				<In>audio/x-mpeg</In>
				<Out>audio/mpeg</Out>
			</MimeTypeMapping>
			<MimeTypeMapping>
				<In>video/mpeg</In>
				<Out>video/MP1S</Out>
			</MimeTypeMapping>
			<MimeTypeMapping>
				<In>application/ogg</In>
				<Out>audio/x-ogg</Out>
			</MimeTypeMapping>
			<MimeTypeMapping>
				<In>video/mpeg2</In>
				<Out>video/mpeg</Out>
			</MimeTypeMapping>
			<MimeTypeMapping>
				<In>audio/x-wav</In>
				<Out>audio/wav</Out>
			</MimeTypeMapping>
				<MimeTypeSuppress>image/gif</MimeTypeSuppress>
		</MimeTranslations>
	</Adaptations>
	<DeviceQuirks>
		<Quirk>FORCERES</Quirk>
	</DeviceQuirks>
</Client>
