<Client>
	<DeviceId>
		<DisplayName>WD TV Media Player</DisplayName>
		<DeviceDescriptionRecognition>
			<DescriptionText>WD TV Media Player</DescriptionText>
		</DeviceDescriptionRecognition>
		<MappingUpdatePolicy>FIX</MappingUpdatePolicy>
	</DeviceId>
	<Capabilities>
		<SupportedMediaProfiles>
			<Profile>AASCALE#JPEG500x500</Profile>
		</SupportedMediaProfiles>
	</Capabilities>
	<Adaptations>
		<DLNA>
			<Version>DLNA15</Version>
		</DLNA>
	</Adaptations>
	<DeviceQuirks>
		<Quirk>TV4IDS</Quirk>
		<Quirk>NEEDS_THUMBNAIL_CI_FLAG</Quirk>
	</DeviceQuirks>
</Client>
