<Client>
	<DeviceId>
		<DisplayName>Samsung Smart TV (D &amp; E Series)</DisplayName>
		<DeviceDescriptionRecognition>
            		<!-- D and E series until 2012 -->
			<DescriptionText>Samsung TV DMR</DescriptionText>
		</DeviceDescriptionRecognition>
		<MappingUpdatePolicy>FIX</MappingUpdatePolicy>
	</DeviceId>
	<Adaptations>
		<DLNA>
			<Version>DLNA15</Version>
			<PretendServer>SAMSUNGFEATLIST</PretendServer>
		</DLNA>
		<HTTP>
			<HttpSetting>chunked</HttpSetting>
		</HTTP>
		<MimeTranslations>
			<MimeTypeMapping>
				<In>video/x-matroska</In>
				<Out>video/x-mkv</Out>
			</MimeTypeMapping>
			<MimeTypeMapping>
				<In>video/mpeg2</In>
				<Out>video/mpeg</Out>
			</MimeTypeMapping>
			<MimeTypeSuppress>audio/x-wav</MimeTypeSuppress>
			<MimeTypeSuppress>audio/wav</MimeTypeSuppress>
			<MimeTypeSuppress>audio/wave</MimeTypeSuppress>
			<!-- Accepted by TV, fails to render, but no error notification. -->
			<MimeTypeSuppress op="push">image/gif</MimeTypeSuppress>
		</MimeTranslations>
	</Adaptations>
	<Capabilities> 
		<Scaling> 
			<Target>JPEG1920x1080</Target>
			<Target>JPEG640x480</Target>
			<Target>JPEG160x160</Target>
			<Target>JPEGORG</Target> 
		</Scaling> 
		<SupportedMediaProfiles>
			<Profile>AASCALE#JPEG160x160</Profile>
		</SupportedMediaProfiles>
	</Capabilities>
	<DeviceQuirks>
		<Quirk>NEEDS_ALBUMART_PROFILE_ID</Quirk>
		<Quirk>NEEDS_THUMBNAIL_CI_FLAG</Quirk>
		<Quirk>KEEP_RES_4_THUMBNAIL</Quirk>
		<Quirk>ONE_RES_ONLY</Quirk>
		<Quirk>FORCE_DURATION</Quirk>
		<Quirk>NEEDS_OP01_ON_TRANSCODED_FILES</Quirk>
		<Quirk>SUPPRESS_SEEK_ON_GROWING_FILES</Quirk>
		<Quirk>FORCE_4TH_FIELD</Quirk>
	</DeviceQuirks>
</Client>
