<Client>
	<DeviceId>
		<DisplayName>OPPO BDP-103</DisplayName>
		<DeviceDescriptionRecognition>
			<DescriptionText>OPPO</DescriptionText>
			<DescriptionText>103</DescriptionText>
		</DeviceDescriptionRecognition>
		<HttpRecognition>
			<HttpText>OPPO BDP-103<</HttpText>
		</HttpRecognition>
		<MappingUpdatePolicy>FIX</MappingUpdatePolicy>
	</DeviceId>
	<Capabilities>
		<Scaling>
			<Target>JPEGORG</Target>
			<Target>JPEG1920x1080</Target>
			<Target>JPEG120x90</Target>
		</Scaling>
	</Capabilities>
	<Adaptations>
		<MimeTranslations>
			<MimeTypeMapping>
				<In>video/vdr</In>
				<Out>video/x-mpg</Out>
			</MimeTypeMapping>
			<MimeTypeSuppress>image/tiff</MimeTypeSuppress>
			<MimeTypeSuppress>image/bmp</MimeTypeSuppress>
			<MimeTypeSuppress>image/gif</MimeTypeSuppress>
		</MimeTranslations>
		<ProfileTranslations>
			<ProfileMapping>
				<In>PV_DIVX_DIVX</In>
				<Out>MKV</Out>
			</ProfileMapping>
			<ProfileMapping>
				<In>PV_DIVX_DIV3</In>
				<Out>MKV</Out>
			</ProfileMapping>
			<ProfileMapping>
				<In>PV_DIVX_DIV4</In>
				<Out>MKV</Out>
			</ProfileMapping>
			<ProfileMapping>
				<In>PV_DIVX_DX50</In>
				<Out>MKV</Out>
			</ProfileMapping>
		</ProfileTranslations>
		<DLNA>
			<Version>DLNA15</Version>
		</DLNA>
		<!--
			http://www.oppodigital.com/KnowledgeBase.aspx?ProdID=BDP-103
			http://www.oppodigital.com/KnowledgeBase.aspx?KBID=64
			http://www.oppodigital.com/KnowledgeBase.aspx?KBID=65
			http://www.oppodigital.com/KnowledgeBase.aspx?KBID=66
		--!>
		<ExtraProtocolInfo>http-get:*:image/x-png:*,http-get:*:image/x-jpeg:*,http-get:*:image/x-jpg:*,http-get:*:audio/mp4:*,http-get:*:audio/vnd.dlna.adts:*,http-get:*:audio/x-aac:*,http-get:*:audio/x-ac3:*,http-get:*:audio/x-dts:*,http-get:*:audio/x-ogg:*,http-get:*:audio/x-flac:*,http-get:*:audio/x-wav:*,http-get:*:audio/wav:*,http-get:*:audio/wave:*,http-get:*:audio/L16:*,http-get:*:audio/x-matroska:*,http-get:*:video/3gpp:*,http-get:*:video/x-matroska:*,http-get:*:video/x-ts:*,http-get:*:video/ts:*,http-get:*:video/x-vob:*,http-get:*:video/vob:*,http-get:*:video/x-m2ts:*,http-get:*:video/m2ts:*,http-get:*:video/x-mpeg:*,http-get:*:video/mpeg:*,http-get:*:video/x-dat:*,http-get:*:video/dat:*,http-get:*:video/x-mpg:*</ExtraProtocolInfo>
	</Adaptations>
	<DeviceQuirks>
		<Quirk>ADDITIONAL_MPEG_RES</Quirk>
		<Quirk>BROKEN_SETNEXT</Quirk>
		<Quirk>FORCE_DURATION</Quirk>
		<Quirk>NEEDS_STOP_4_PHOTO</Quirk>
		<Quirk>NEED_NO_PLAY_4_SETAVT</Quirk>
		<Quirk>NOTRPICS</Quirk>
		<Quirk>POLL_AVT_STATE</Quirk>
		<Quirk>SUPPRESS_STATE_EVENTS</Quirk>
	</DeviceQuirks>
</Client>
