<Client>
	<DeviceId>
		<!-- Originally added for LG BP620 -->
		<DisplayName>LG TV</DisplayName>
		<HttpRecognition BoolOp="OR">
			<HttpText>LGE_DLNA_SDK</HttpText>
			<HttpText>LG_UA</HttpText>
		</HttpRecognition>
		<DeviceDescriptionRecognition>
			<DescriptionText>&lt;manufacturer&gt;LG Electronics</DescriptionText>
		</DeviceDescriptionRecognition>
		<MappingUpdatePolicy>FIX</MappingUpdatePolicy>
	</DeviceId>
	<Capabilities>
		<Scaling>
			<Target>JPEG1920x1080</Target>
		</Scaling>
	</Capabilities>
	<Adaptations>
		<DLNA>
			<Version>DLNA15</Version>
		</DLNA>
		<MimeTranslations>
			<MimeTypeMapping>
				<In>application/x-srt</In>
				<Out>text/srt</Out>
			</MimeTypeMapping>
			<MimeTypeMapping>
				<In>application/x-sub</In>
				<Out>text/sub</Out>
			</MimeTypeMapping>
			<MimeTypeMapping>
				<In>application/smil</In>
				<Out>text/smi</Out>
			</MimeTypeMapping>
			<MimeTypeMapping>
				<In>application/x-ssa</In>
				<Out>text/ssa</Out>
			</MimeTypeMapping>
			<MimeTypeMapping>
				<In>application/x-psb</In>
				<Out>text/psb</Out>
			</MimeTypeMapping>
			<MimeTypeMapping>
				<In>application/x-ass</In>
				<Out>text/ass</Out>
			</MimeTypeMapping>
			<MimeTypeMapping>
				<In>video/3gpp</In>
				<Out>video/avi</Out>
			</MimeTypeMapping>
			<MimeTypeMapping>
	                        <In>video/quicktime</In>
	                        <Out>video/mpeg</Out>
	                </MimeTypeMapping>
			<MimeTypeSuppress>image/tiff</MimeTypeSuppress>
			<MimeTypeSuppress>image/bmp</MimeTypeSuppress>
			<MimeTypeSuppress>image/gif</MimeTypeSuppress>
			<MimeTypeSuppress>image/png</MimeTypeSuppress>
			<ExtraProtocolInfo>http-get:*:video/x-msvideo:*,http-get:*:video/flv:*</ExtraProtocolInfo>
		</MimeTranslations>
	</Adaptations>
	<DeviceQuirks>
		<Quirk>STOP_WORKAROUND</Quirk>
		<Quirk>CDS_NOUPLOAD_NOSEARCH</Quirk>
		<Quirk>FORCE_4TH_FIELD</Quirk>
		<!-- TMCORE-17201: Some model(s?) of LG TV display subtitles only when the video title contains no space -->
		<!-- Unfortunately we don't know exactly what model, so we let the following quirk commented -->
		<!-- <Quirk>ADAPT_TITLE</Quirk> -->
	</DeviceQuirks>
</Client>
