<?xml version="1.0" encoding="UTF-8" ?>
<root xmlns="urn:schemas-upnp-org:device-1-0">
	<specVersion>
		<major>1</major>
		<minor>0</minor>
	</specVersion>
	<device>
		<deviceType>urn:schemas-upnp-org:device:MediaServer:1</deviceType>
		<UDN>#UDN#</UDN>
		<friendlyName>#FRIENDLYNAME#:Twonky:Windows Media Connect</friendlyName>
		<manufacturer>Microsoft Corporation</manufacturer>
		<manufacturerURL>http://www.microsoft.com</manufacturerURL>
		<modelName>Windows Media Player Sharing</modelName>
		<modelNumber>12.0</modelNumber>
		<modelURL>http://go.microsoft.com/fwlink/?LinkId=105926</modelURL>
		<serialNumber>{3BBA88DE-66F2-4A7A-952B-30C69B210B0F}</serialNumber>
		<dlna:X_DLNADOC xmlns:dlna="urn:schemas-dlna-org:device-1-0">DMS-1.50</dlna:X_DLNADOC>
		<microsoft:magicPacketWakeSupported xmlns:microsoft="urn:schemas-microsoft-com:WMPNSS-1-0">1</microsoft:magicPacketWakeSupported>
		<iconList>
			<icon>
				<mimetype>image/jpeg</mimetype>
				<height>48</height>
				<width>48</width>
				<depth>24</depth>
				<url>/images/twonkyicon-48x48.jpg</url>
			</icon>
			<icon>
				<mimetype>image/jpeg</mimetype>
				<height>120</height>
				<width>120</width>
				<depth>24</depth>
				<url>/images/twonkyicon-120x120.jpg</url>
			</icon>
			<icon>
				<mimetype>image/png</mimetype>
				<height>48</height>
				<width>48</width>
				<depth>24</depth>
				<url>/images/twonkyicon-48x48.png</url>
			</icon>
			<icon>
				<mimetype>image/png</mimetype>
				<height>120</height>
				<width>120</width>
				<depth>24</depth>
				<url>/images/twonkyicon-120x120.png</url>
			</icon>
		</iconList>
		<serviceList>
		#SERVICE-LIST#
		</serviceList>
	</device>
</root>
